{"cameraMode":{"drawMode":0,"name":"Shaded","section":"Shading Mode"},"sceneLighting":true,"audioPlay":false,"sceneViewState":{"showFog":true,"showMaterialUpdate":false,"showSkybox":true,"showFlares":true,"showImageEffects":true,"showParticleSystems":true},"in2DMode":false,"pivot":{"x":-4.269999980926514,"y":0.0,"z":1.2599999904632569},"rotation":{"x":0.011897765100002289,"y":-0.6930996775627136,"z":0.011432178318500519,"w":0.7206680178642273},"size":4.3250651359558109,"orthographic":true}