{"cameraMode":{"drawMode":0,"name":"Shaded","section":"Shading Mode"},"sceneLighting":true,"audioPlay":false,"sceneViewState":{"showFog":true,"showMaterialUpdate":false,"showSkybox":true,"showFlares":true,"showImageEffects":true,"showParticleSystems":true},"in2DMode":false,"pivot":{"x":7.0,"y":19.700000762939454,"z":-12.100000381469727},"rotation":{"x":0.38965436816215517,"y":-0.5754685997962952,"z":0.36039188504219057,"w":0.6222020387649536},"size":28.55741310119629,"orthographic":true}